PassengerId,Transported
0013_01,1
0018_01,1
0019_01,1
0021_01,1
0023_01,1
0027_01,1
0029_01,0
0032_01,0
0032_02,0
0033_01,1
0037_01,1
0040_01,0
0040_02,0
0042_01,0
0046_01,1
0046_02,1
0046_03,1
0047_01,0
0047_02,1
0047_03,0
0048_01,1
0049_01,1
0054_01,0
0054_02,0
0054_03,0
0055_01,1
0057_01,1
0059_01,1
0060_01,1
0063_01,1
0065_01,1
0075_01,1
0079_01,1
0080_01,1
0083_01,1
0087_01,1
0089_01,1
0093_01,1
0094_01,1
0094_02,1
0095_01,1
0096_01,1
0100_01,1
0100_02,1
0104_01,1
0106_01,1
0109_01,1
0117_01,1
0118_01,1
0121_01,1
0124_01,1
0125_01,0
0125_02,1
0130_01,1
0131_01,1
0132_01,1
0135_01,1
0137_01,1
0142_01,1
0142_02,1
0142_03,1
0143_01,1
0145_01,1
0150_01,0
0150_02,0
0153_01,1
0154_01,1
0155_01,1
0156_01,1
0157_01,1
0158_01,1
0158_02,1
0159_01,1
0161_01,1
0162_01,1
0166_01,1
0168_01,0
0175_01,1
0175_02,1
0175_03,1
0175_04,1
0175_05,1
0176_01,1
0180_01,1
0184_01,1
0185_01,1
0187_01,1
0191_01,1
0194_01,1
0194_02,1
0194_03,1
0204_01,1
0208_01,1
0209_01,1
0214_01,1
0214_02,1
0215_01,1
0218_01,1
0226_01,1
0227_01,1
0228_01,0
0228_02,1
0228_03,0
0228_04,1
0230_01,1
0230_02,1
0235_01,1
0236_01,1
0238_01,1
0247_01,0
0247_02,0
0249_01,1
0256_01,1
0259_01,1
0262_01,1
0264_01,0
0264_02,0
0264_03,1
0266_01,1
0266_02,1
0268_01,1
0268_02,1
0271_01,1
0272_01,1
0273_01,1
0273_02,1
0273_03,1
0274_01,1
0274_02,0
0276_01,1
0276_02,0
0279_01,1
0280_01,1
0284_01,1
0292_01,1
0293_01,1
0295_01,1
0296_01,1
0299_01,1
0300_01,1
0308_01,1
0311_01,1
0312_01,1
0317_01,1
0318_01,1
0319_01,1
0319_02,1
0323_01,1
0325_01,1
0328_01,1
0329_01,0
0332_01,1
0335_01,1
0339_01,1
0339_02,1
0339_03,1
0339_04,1
0339_05,1
0339_06,1
0339_07,1
0339_08,1
0342_01,1
0342_02,1
0344_01,1
0344_02,1
0349_01,1
0349_02,0
0349_03,1
0349_04,0
0349_05,1
0349_06,1
0351_01,1
0353_01,1
0353_02,1
0354_01,1
0362_01,1
0363_01,1
0363_02,1
0363_03,1
0364_01,1
0364_02,1
0366_01,1
0367_01,1
0374_01,1
0374_02,1
0386_01,1
0390_01,1
0393_01,1
0394_01,1
0399_01,1
0400_01,1
0404_01,1
0406_01,1
0414_01,1
0416_01,1
0418_01,1
0419_01,1
0419_02,1
0419_03,1
0420_01,1
0421_01,1
0422_01,1
0424_01,1
0426_01,1
0440_01,0
0443_01,1
0450_01,1
0451_01,1
0455_01,1
0464_01,1
0467_01,0
0467_02,0
0467_03,0
0467_04,0
0469_01,1
0473_01,1
0478_01,1
0478_02,1
0479_01,0
0483_01,0
0483_02,0
0484_01,1
0486_01,1
0489_01,0
0489_02,1
0491_01,1
0492_01,1
0493_01,1
0494_01,1
0494_02,1
0495_01,1
0495_02,1
0495_03,1
0495_04,1
0495_05,1
0495_06,1
0496_01,1
0496_02,1
0497_01,1
0505_01,1
0508_01,0
0509_01,1
0511_01,1
0514_01,1
0524_01,1
0526_01,1
0530_01,1
0530_02,1
0530_03,0
0532_01,1
0532_02,0
0535_01,1
0536_01,1
0536_02,1
0541_01,0
0543_01,1
0544_01,1
0554_01,1
0557_01,1
0557_02,1
0558_01,1
0562_01,1
0562_02,1
0574_01,1
0578_01,1
0578_02,1
0584_01,1
0584_02,1
0592_01,1
0595_01,1
0601_01,1
0604_01,1
0605_01,1
0606_01,1
0613_01,0
0613_02,0
0616_01,1
0617_01,1
0620_01,1
0620_02,1
0620_03,1
0621_01,1
0622_01,0
0624_01,1
0625_01,1
0625_02,1
0625_03,1
0626_01,0
0626_02,0
0626_03,1
0627_01,0
0632_01,1
0632_02,1
0632_03,1
0640_01,0
0640_02,0
0648_01,0
0648_02,1
0649_01,1
0651_01,0
0652_01,1
0652_02,1
0652_03,1
0652_04,1
0652_05,1
0654_01,1
0662_01,1
0666_01,1
0666_02,1
0667_01,0
0670_01,1
0670_02,1
0673_01,1
0675_01,1
0676_01,1
0681_01,1
0692_01,1
0694_01,1
0695_01,1
0698_01,1
0700_01,1
0706_01,1
0708_01,0
0708_02,1
0711_01,1
0716_01,1
0717_01,0
0717_02,1
0717_03,0
0717_04,0
0717_05,1
0717_06,0
0717_07,0
0720_01,1
0720_02,1
0720_03,1
0721_01,1
0722_01,1
0723_01,1
0725_01,1
0730_01,1
0731_01,1
0731_02,1
0735_01,1
0739_01,1
0741_01,1
0742_01,1
0742_02,1
0744_01,0
0745_01,1
0747_01,1
0748_01,1
0748_02,1
0749_01,1
0751_01,1
0752_01,1
0755_01,1
0758_01,1
0758_02,1
0758_03,1
0759_01,1
0759_02,1
0759_03,1
0760_01,1
0763_01,1
0763_02,1
0766_01,0
0774_01,1
0774_02,1
0774_03,0
0775_01,1
0775_02,1
0775_03,1
0775_04,1
0775_05,1
0775_06,1
0778_01,1
0778_02,1
0780_01,0
0783_01,1
0792_01,1
0800_01,1
0801_01,1
0803_01,1
0804_01,1
0807_01,1
0810_01,1
0812_01,0
0814_01,1
0821_01,1
0827_01,1
0827_02,1
0827_03,1
0831_01,1
0832_01,1
0837_01,0
0837_02,1
0838_01,0
0838_02,1
0841_01,1
0842_01,0
0843_01,1
0844_01,0
0847_01,1
0852_01,0
0854_01,1
0855_01,0
0856_01,1
0857_01,1
0858_01,1
0858_02,1
0861_01,1
0862_01,1
0864_01,0
0864_02,1
0864_03,1
0866_01,1
0872_01,1
0880_01,1
0880_02,0
0882_01,1
0884_01,1
0884_02,1
0886_01,1
0886_02,1
0886_03,1
0887_01,1
0887_02,1
0888_01,1
0888_02,1
0891_01,1
0892_01,1
0892_02,1
0892_03,1
0894_01,1
0895_01,1
0896_01,1
0897_01,0
0897_02,0
0900_01,1
0908_01,1
0909_01,1
0909_02,1
0909_03,1
0914_01,1
0916_01,1
0917_01,1
0920_01,1
0929_01,1
0934_01,1
0936_01,1
0937_01,0
0943_01,1
0943_02,1
0943_03,1
0945_01,1
0945_02,1
0948_01,1
0950_01,1
0954_01,1
0958_01,1
0959_01,1
0962_01,1
0963_01,0
0967_01,1
0973_01,1
0974_01,1
0977_01,1
0980_01,1
0981_01,1
0981_02,1
0986_01,1
0986_02,1
0996_01,1
0999_01,1
0999_02,1
1003_01,1
1007_01,1
1009_01,1
1010_01,1
1016_01,1
1021_01,1
1023_01,1
1028_01,1
1037_01,1
1039_01,1
1042_01,1
1044_01,1
1050_01,1
1055_01,1
1059_01,1
1059_02,1
1061_01,1
1064_01,1
1064_02,1
1067_01,1
1069_01,1
1070_01,1
1072_01,1
1072_02,1
1072_03,1
1072_04,1
1072_05,1
1072_06,1
1072_07,1
1072_08,1
1073_01,1
1074_01,1
1074_02,1
1081_01,1
1087_01,1
1090_01,0
1090_02,1
1092_01,1
1098_01,1
1101_01,1
1103_01,1
1104_01,1
1106_01,1
1106_02,1
1107_01,1
1109_01,1
1111_01,1
1111_02,1
1111_03,1
1118_01,1
1118_02,1
1118_03,1
1118_04,1
1118_05,1
1119_01,1
1119_02,1
1120_01,1
1122_01,1
1124_01,1
1124_02,1
1124_03,1
1125_01,1
1125_02,1
1126_01,1
1128_01,1
1128_02,0
1131_01,1
1135_01,0
1135_02,1
1135_03,0
1135_04,0
1137_01,1
1137_02,1
1138_01,1
1139_01,1
1143_01,1
1145_01,1
1145_02,1
1145_03,1
1145_04,1
1151_01,1
1157_01,1
1158_01,0
1158_02,0
1159_01,1
1159_02,1
1159_03,1
1160_01,1
1164_01,1
1171_01,1
1172_01,1
1176_01,1
1181_01,1
1183_01,1
1183_02,1
1183_03,1
1184_01,1
1184_02,1
1189_01,1
1194_01,1
1196_01,1
1196_02,1
1200_01,1
1201_01,1
1201_02,1
1202_01,1
1204_01,1
1205_01,1
1207_01,1
1207_02,1
1207_03,1
1207_04,1
1209_01,1
1209_02,1
1217_01,1
1217_02,0
1219_01,1
1219_02,0
1224_01,1
1224_02,1
1226_01,1
1226_02,1
1227_01,0
1237_01,1
1241_01,1
1244_01,1
1245_01,1
1247_01,1
1249_01,1
1251_01,0
1252_01,1
1253_01,1
1257_01,1
1257_02,1
1257_03,1
1257_04,1
1262_01,1
1262_02,1
1265_01,1
1266_01,1
1268_01,1
1270_01,1
1272_01,1
1275_01,1
1276_01,1
1277_01,1
1290_01,1
1296_01,1
1297_01,1
1298_01,1
1301_01,1
1301_02,1
1301_03,1
1303_01,1
1305_01,1
1313_01,1
1314_01,1
1315_01,1
1318_01,1
1319_01,1
1319_02,1
1320_01,1
1320_02,1
1320_03,1
1321_01,0
1321_02,1
1321_03,1
1321_04,1
1327_01,1
1329_01,1
1334_01,1
1338_01,1
1338_02,0
1339_01,1
1341_01,1
1341_02,1
1341_03,1
1343_01,1
1343_02,1
1343_03,1
1344_01,1
1346_01,1
1349_01,1
1349_02,1
1354_01,1
1354_02,1
1354_03,1
1354_04,0
1354_05,1
1354_06,1
1354_07,1
1358_01,1
1358_02,1
1359_01,1
1361_01,1
1361_02,1
1363_01,1
1364_01,1
1364_02,1
1367_01,1
1369_01,1
1369_02,1
1369_03,1
1372_01,1
1373_01,1
1374_01,0
1388_01,1
1392_01,0
1394_01,1
1396_01,1
1405_01,1
1409_01,0
1409_02,0
1411_01,1
1418_01,1
1422_01,0
1422_02,1
1422_03,1
1429_01,1
1432_01,1
1432_02,1
1436_01,1
1437_01,1
1441_01,1
1446_01,1
1448_01,1
1449_01,1
1456_01,1
1459_01,1
1464_01,1
1466_01,1
1468_01,1
1469_01,1
1469_02,1
1470_01,1
1471_01,1
1471_02,1
1471_03,1
1471_04,1
1471_05,1
1472_01,1
1473_01,1
1473_02,1
1475_01,1
1476_01,1
1477_01,1
1477_02,1
1480_01,1
1482_01,1
1483_01,1
1486_01,1
1487_01,1
1487_02,1
1492_01,1
1492_02,1
1494_01,1
1495_01,1
1495_02,1
1496_01,1
1497_01,1
1497_02,1
1502_01,1
1502_02,1
1502_03,1
1502_04,0
1504_01,1
1505_01,1
1508_01,1
1512_01,1
1513_01,1
1514_01,1
1516_01,1
1517_01,1
1518_01,1
1518_02,1
1519_01,1
1522_01,1
1530_01,1
1534_01,1
1534_02,1
1535_01,1
1537_01,0
1538_01,1
1538_02,1
1546_01,1
1549_01,1
1553_01,1
1553_02,1
1554_01,1
1554_02,1
1556_01,1
1557_01,1
1559_01,0
1559_02,0
1563_01,0
1566_01,0
1570_01,1
1571_01,1
1574_01,1
1575_01,1
1582_01,1
1582_02,1
1583_01,1
1586_01,1
1587_01,1
1587_02,1
1589_01,1
1591_01,1
1591_02,1
1598_01,1
1598_02,1
1600_01,1
1605_01,1
1607_01,1
1609_01,1
1610_01,1
1616_01,1
1618_01,1
1620_01,0
1623_01,1
1627_01,1
1629_01,0
1629_02,0
1629_03,0
1629_04,0
1629_05,0
1629_06,0
1639_01,1
1641_01,0
1642_01,1
1643_01,1
1648_01,0
1652_01,1
1654_01,1
1664_01,1
1665_01,0
1665_02,0
1667_01,1
1675_01,0
1678_01,1
1679_01,1
1680_01,1
1680_02,0
1683_01,1
1684_01,1
1686_01,1
1689_01,1
1689_02,1
1689_03,1
1692_01,1
1693_01,1
1701_01,1
1702_01,1
1703_01,1
1706_01,1
1707_01,1
1716_01,1
1720_01,1
1722_01,1
1726_01,1
1726_02,1
1726_03,1
1732_01,1
1735_01,1
1737_01,1
1741_01,1
1741_02,1
1741_03,1
1743_01,1
1744_01,1
1750_01,1
1751_01,1
1751_02,1
1754_01,1
1756_01,1
1759_01,0
1765_01,1
1773_01,1
1777_01,1
1777_02,0
1780_01,1
1784_01,1
1787_01,1
1788_01,1
1789_01,1
1790_01,1
1790_02,1
1791_01,0
1791_02,0
1793_01,1
1793_02,1
1794_01,1
1795_01,1
1801_01,1
1801_02,1
1809_01,1
1814_01,1
1814_02,1
1814_03,1
1815_01,1
1819_01,1
1820_01,0
1824_01,1
1825_01,1
1825_02,1
1830_01,1
1832_01,1
1835_01,0
1835_02,0
1837_01,0
1838_01,0
1839_01,1
1840_01,1
1842_01,1
1845_01,1
1851_01,1
1851_02,0
1852_01,0
1852_02,1
1852_03,0
1852_04,0
1858_01,1
1862_01,1
1862_02,1
1862_03,1
1867_01,1
1869_01,1
1870_01,1
1875_01,0
1876_01,1
1883_01,0
1885_01,1
1893_01,1
1894_01,1
1895_01,1
1896_01,1
1900_01,1
1904_01,1
1909_01,0
1909_02,0
1909_03,1
1910_01,1
1910_02,1
1910_03,1
1910_04,1
1912_01,1
1913_01,1
1913_02,1
1913_03,1
1914_01,1
1917_01,1
1919_01,1
1921_01,1
1921_02,1
1924_01,1
1929_01,1
1930_01,1
1932_01,1
1934_01,1
1936_01,1
1943_01,1
1944_01,1
1948_01,1
1948_02,0
1949_01,1
1951_01,0
1951_02,1
1954_01,1
1955_01,1
1958_01,1
1965_01,1
1966_01,1
1970_01,1
1972_01,1
1982_01,1
1986_01,1
1987_01,1
1989_01,1
1990_01,0
1990_02,0
1998_01,1
2002_01,0
2004_01,0
2005_01,1
2005_02,1
2008_01,1
2014_01,0
2016_01,0
2016_02,1
2017_01,1
2017_02,1
2018_01,1
2020_01,1
2021_01,1
2023_01,1
2023_02,1
2023_03,1
2025_01,1
2030_01,1
2031_01,1
2033_01,1
2035_01,1
2035_02,0
2036_01,1
2036_02,1
2036_03,1
2037_01,0
2037_02,1
2039_01,1
2039_02,0
2039_03,0
2047_01,1
2048_01,1
2049_01,1
2050_01,1
2057_01,1
2057_02,1
2057_03,1
2057_04,1
2057_05,1
2058_01,1
2064_01,1
2068_01,0
2068_02,1
2068_03,1
2068_04,1
2068_05,1
2069_01,1
2072_01,1
2072_02,1
2076_01,0
2077_01,1
2078_01,0
2079_01,1
2079_02,1
2079_03,1
2093_01,1
2098_01,1
2101_01,1
2101_02,1
2103_01,1
2108_01,1
2108_02,1
2109_01,1
2113_01,1
2119_01,1
2119_02,1
2122_01,1
2132_01,1
2146_01,1
2146_02,0
2151_01,1
2155_01,1
2157_01,1
2160_01,1
2160_02,1
2160_03,1
2165_01,1
2166_01,1
2169_01,1
2170_01,1
2174_01,1
2176_01,1
2178_01,1
2181_01,1
2184_01,0
2184_02,1
2185_01,0
2192_01,1
2197_01,1
2199_01,1
2208_01,1
2213_01,1
2214_01,1
2216_01,1
2217_01,1
2218_01,1
2222_01,0
2226_01,1
2227_01,1
2230_01,1
2236_01,1
2240_01,1
2240_02,1
2240_03,1
2242_01,1
2244_01,1
2245_01,0
2245_02,0
2246_01,1
2246_02,1
2247_01,1
2248_01,1
2249_01,1
2250_01,1
2259_01,1
2259_02,1
2260_01,0
2265_01,1
2271_01,1
2276_01,1
2276_02,1
2283_01,1
2285_01,1
2286_01,1
2290_01,1
2292_01,1
2293_01,1
2294_01,1
2297_01,1
2304_01,1
2307_01,1
2307_02,1
2307_03,1
2307_04,1
2307_05,1
2322_01,1
2323_01,1
2324_01,1
2326_01,1
2328_01,1
2330_01,1
2331_01,0
2334_01,1
2335_01,1
2337_01,1
2342_01,1
2343_01,0
2343_02,1
2344_01,1
2344_02,0
2346_01,1
2350_01,1
2350_02,1
2350_03,0
2351_01,1
2351_02,1
2352_01,1
2354_01,1
2355_01,0
2355_02,0
2355_03,1
2355_04,1
2358_01,1
2359_01,1
2362_01,1
2370_01,1
2370_02,1
2370_03,1
2370_04,1
2371_01,1
2372_01,1
2378_01,1
2378_02,1
2380_01,1
2380_02,0
2381_01,1
2383_01,1
2383_02,1
2386_01,0
2388_01,1
2388_02,1
2393_01,1
2394_01,1
2394_02,1
2394_03,1
2400_01,1
2405_01,1
2407_01,1
2408_01,1
2415_01,1
2418_01,1
2420_01,1
2422_01,1
2422_02,0
2425_01,1
2425_02,1
2425_03,1
2425_04,1
2425_05,1
2425_06,1
2428_01,1
2430_01,1
2430_02,1
2430_03,1
2434_01,1
2434_02,1
2437_01,1
2440_01,1
2447_01,1
2448_01,0
2448_02,0
2450_01,1
2459_01,1
2464_01,1
2465_01,1
2468_01,0
2469_01,1
2469_02,1
2473_01,1
2481_01,1
2481_02,1
2482_01,1
2482_02,1
2484_01,1
2484_02,1
2485_01,1
2487_01,1
2487_02,0
2487_03,1
2490_01,1
2493_01,1
2493_02,1
2494_01,0
2494_02,1
2495_01,1
2501_01,0
2504_01,1
2507_01,1
2511_01,1
2514_01,1
2517_01,0
2525_01,1
2529_01,1
2533_01,1
2536_01,0
2538_01,0
2538_02,0
2539_01,1
2543_01,1
2554_01,1
2556_01,1
2563_01,1
2566_01,1
2567_01,0
2567_02,0
2568_01,1
2569_01,1
2570_01,1
2575_01,1
2576_01,0
2577_01,1
2577_02,1
2579_01,1
2583_01,1
2585_01,0
2586_01,1
2587_01,1
2587_02,1
2600_01,1
2603_01,1
2603_02,1
2604_01,1
2608_01,1
2610_01,1
2611_01,1
2612_01,1
2613_01,1
2614_01,1
2615_01,1
2620_01,1
2621_01,1
2623_01,1
2630_01,1
2630_02,1
2630_03,1
2632_01,1
2637_01,1
2637_02,1
2637_03,1
2639_01,0
2644_01,1
2653_01,1
2654_01,1
2656_01,0
2665_01,1
2667_01,0
2667_02,0
2667_03,0
2667_04,0
2667_05,0
2669_01,1
2673_01,1
2674_01,1
2674_02,1
2680_01,1
2681_01,1
2686_01,1
2689_01,1
2694_01,0
2694_02,1
2696_01,1
2699_01,1
2705_01,1
2710_01,0
2710_02,0
2711_01,1
2715_01,1
2715_02,1
2716_01,1
2716_02,0
2719_01,1
2719_02,1
2719_03,1
2728_01,1
2731_01,1
2733_01,1
2735_01,1
2742_01,1
2744_01,1
2749_01,1
2757_01,1
2761_01,1
2761_02,1
2766_01,1
2767_01,1
2771_01,1
2775_01,1
2776_01,1
2777_01,0
2779_01,1
2782_01,1
2791_01,1
2794_01,1
2794_02,1
2794_03,1
2794_04,1
2794_05,1
2794_06,1
2794_07,1
2800_01,0
2803_01,0
2804_01,1
2808_01,1
2808_02,1
2815_01,1
2815_02,1
2815_03,1
2816_01,0
2827_01,1
2828_01,1
2829_01,1
2830_01,1
2833_01,1
2836_01,1
2841_01,1
2842_01,1
2844_01,1
2845_01,0
2845_02,0
2848_01,0
2848_02,0
2848_03,0
2849_01,1
2850_01,1
2850_02,1
2850_03,1
2850_04,1
2851_01,1
2855_01,1
2864_01,1
2868_01,1
2868_02,1
2868_03,1
2868_04,1
2874_01,1
2879_01,1
2885_01,1
2886_01,1
2889_01,1
2895_01,0
2896_01,1
2898_01,1
2898_02,0
2903_01,1
2904_01,1
2904_02,0
2911_01,1
2914_01,0
2915_01,1
2916_01,1
2917_01,1
2918_01,1
2921_01,1
2922_01,1
2923_01,1
2924_01,1
2931_01,1
2931_02,1
2932_01,0
2933_01,1
2937_01,1
2939_01,1
2946_01,1
2946_02,1
2946_03,1
2946_04,1
2947_01,1
2951_01,1
2952_01,1
2955_01,1
2957_01,1
2963_01,1
2967_01,1
2973_01,1
2974_01,1
2976_01,0
2976_02,0
2976_03,0
2976_04,1
2977_01,1
2977_02,1
2977_03,1
2978_01,1
2980_01,1
2981_01,1
2985_01,1
2987_01,1
2989_01,1
2991_01,1
2997_01,0
2997_02,1
2997_03,1
2997_04,1
2999_01,1
3002_01,1
3007_01,1
3008_01,0
3008_02,1
3008_03,0
3008_04,1
3008_05,0
3008_06,0
3011_01,1
3016_01,1
3016_02,1
3016_03,1
3016_04,1
3017_01,1
3028_01,1
3031_01,1
3035_01,1
3037_01,0
3037_02,0
3041_01,1
3043_01,1
3046_01,1
3049_01,1
3051_01,1
3052_01,1
3056_01,1
3057_01,1
3058_01,1
3059_01,0
3069_01,1
3072_01,0
3074_01,1
3075_01,1
3077_01,1
3077_02,1
3078_01,1
3078_02,1
3078_03,0
3078_04,1
3086_01,1
3089_01,0
3094_01,1
3097_01,1
3098_01,1
3101_01,0
3105_01,0
3105_02,1
3105_03,0
3106_01,1
3107_01,1
3108_01,1
3109_01,1
3115_01,1
3122_01,1
3122_02,1
3125_01,1
3125_02,1
3127_01,1
3129_01,1
3135_01,1
3137_01,1
3139_01,1
3141_01,0
3144_01,1
3146_01,1
3148_01,1
3148_02,1
3150_01,1
3151_01,0
3153_01,1
3153_02,1
3154_01,1
3155_01,0
3155_02,1
3156_01,1
3157_01,1
3160_01,1
3165_01,1
3167_01,1
3170_01,1
3173_01,1
3177_01,1
3178_01,1
3183_01,1
3186_01,1
3187_01,1
3190_01,1
3190_02,0
3194_01,1
3198_01,1
3199_01,1
3202_01,1
3207_01,1
3208_01,1
3214_01,1
3222_01,1
3226_01,0
3228_01,1
3231_01,1
3233_01,1
3234_01,1
3242_01,1
3244_01,0
3244_02,0
3244_03,0
3245_01,1
3245_02,1
3246_01,1
3249_01,1
3249_02,1
3250_01,1
3251_01,1
3257_01,1
3261_01,1
3263_01,1
3264_01,1
3265_01,1
3265_02,1
3265_03,0
3265_04,0
3266_01,1
3267_01,0
3277_01,1
3278_01,1
3281_01,1
3285_01,1
3285_02,0
3286_01,1
3288_01,1
3290_01,1
3290_02,1
3291_01,1
3302_01,1
3303_01,1
3306_01,1
3307_01,1
3316_01,1
3320_01,1
3320_02,1
3321_01,1
3333_01,1
3334_01,1
3335_01,1
3340_01,1
3341_01,0
3341_02,1
3344_01,0
3344_02,0
3345_01,1
3345_02,1
3345_03,1
3346_01,1
3347_01,1
3347_02,1
3351_01,1
3351_02,1
3354_01,1
3355_01,1
3356_01,1
3358_01,1
3362_01,1
3362_02,1
3366_01,0
3367_01,1
3368_01,0
3368_02,0
3368_03,1
3368_04,0
3368_05,1
3368_06,1
3368_07,1
3369_01,1
3373_01,1
3374_01,1
3375_01,1
3376_01,1
3378_01,1
3379_01,1
3385_01,1
3388_01,1
3393_01,1
3398_01,1
3399_01,1
3400_01,1
3407_01,1
3407_02,1
3411_01,1
3411_02,1
3411_03,1
3411_04,1
3411_05,1
3411_06,1
3411_07,1
3414_01,1
3416_01,1
3427_01,1
3429_01,0
3435_01,1
3436_01,1
3448_01,1
3448_02,1
3451_01,1
3452_01,1
3457_01,1
3460_01,1
3463_01,1
3466_01,1
3471_01,1
3472_01,1
3477_01,1
3477_02,1
3479_01,1
3481_01,1
3482_01,1
3482_02,1
3493_01,1
3494_01,1
3494_02,1
3498_01,1
3500_01,1
3502_01,1
3503_01,1
3505_01,1
3507_01,1
3508_01,1
3508_02,1
3509_01,0
3509_02,0
3510_01,1
3513_01,0
3513_02,0
3513_03,0
3513_04,0
3516_01,1
3517_01,1
3522_01,1
3524_01,1
3526_01,1
3529_01,0
3532_01,1
3538_01,1
3541_01,1
3544_01,1
3544_02,1
3545_01,1
3549_01,1
3549_02,0
3551_01,1
3554_01,1
3557_01,1
3571_01,1
3574_01,1
3575_01,0
3580_01,0
3580_02,0
3581_01,1
3583_01,0
3585_01,1
3587_01,1
3587_02,1
3587_03,1
3589_01,1
3589_02,1
3589_03,1
3589_04,1
3589_05,1
3589_06,1
3589_07,1
3590_01,1
3593_01,1
3599_01,1
3601_01,1
3601_02,1
3601_03,1
3601_04,1
3601_05,1
3601_06,1
3601_07,1
3603_01,1
3603_02,1
3604_01,1
3611_01,1
3617_01,1
3617_02,1
3617_03,1
3618_01,1
3618_02,1
3618_03,1
3618_04,1
3621_01,1
3621_02,1
3623_01,1
3627_01,1
3632_01,1
3633_01,1
3635_01,1
3635_02,1
3637_01,1
3638_01,1
3643_01,1
3646_01,1
3646_02,1
3649_01,1
3651_01,0
3656_01,1
3656_02,1
3657_01,0
3657_02,0
3657_03,1
3659_01,1
3659_02,1
3659_03,1
3659_04,1
3659_05,1
3659_06,1
3659_07,1
3661_01,1
3663_01,1
3666_01,1
3669_01,1
3670_01,1
3672_01,1
3672_02,1
3673_01,1
3675_01,1
3675_02,1
3675_03,1
3676_01,0
3683_01,0
3683_02,0
3684_01,1
3684_02,1
3685_01,1
3687_01,1
3689_01,1
3694_01,1
3695_01,1
3696_01,1
3697_01,1
3698_01,1
3701_01,0
3701_02,1
3701_03,0
3709_01,1
3712_01,1
3712_02,1
3712_03,1
3712_04,1
3712_05,1
3717_01,1
3717_02,1
3718_01,1
3720_01,1
3720_02,1
3720_03,1
3721_01,0
3722_01,1
3723_01,1
3725_01,1
3727_01,1
3730_01,1
3731_01,1
3738_01,1
3740_01,1
3746_01,1
3746_02,1
3746_03,1
3746_04,1
3762_01,1
3763_01,1
3764_01,1
3764_02,1
3766_01,0
3766_02,0
3780_01,1
3782_01,1
3782_02,1
3791_01,1
3792_01,1
3794_01,1
3799_01,1
3800_01,1
3802_01,1
3806_01,1
3808_01,1
3809_01,1
3809_02,1
3813_01,1
3819_01,1
3825_01,1
3827_01,1
3828_01,0
3828_02,0
3828_03,0
3829_01,1
3829_02,1
3833_01,1
3834_01,1
3837_01,1
3840_01,1
3843_01,1
3844_01,1
3844_02,1
3845_01,1
3855_01,0
3858_01,0
3858_02,0
3858_03,1
3858_04,1
3859_01,1
3860_01,0
3861_01,1
3863_01,1
3865_01,1
3869_01,0
3876_01,0
3876_02,1
3876_03,0
3877_01,1
3878_01,0
3880_01,1
3881_01,1
3882_01,0
3884_01,1
3885_01,1
3887_01,1
3889_01,1
3889_02,1
3891_01,1
3892_01,1
3892_02,1
3893_01,1
3893_02,1
3893_03,1
3900_01,1
3901_01,1
3902_01,0
3905_01,1
3906_01,1
3906_02,1
3908_01,1
3908_02,1
3910_01,1
3914_01,1
3918_01,1
3920_01,1
3925_01,1
3925_02,1
3929_01,1
3934_01,1
3934_02,1
3943_01,1
3943_02,1
3943_03,1
3947_01,1
3951_01,1
3953_01,1
3956_01,1
3957_01,0
3965_01,1
3969_01,1
3972_01,0
3975_01,1
3978_01,1
3979_01,1
3982_01,1
3983_01,1
3989_01,1
3989_02,1
3989_03,1
3989_04,1
3990_01,1
3993_01,1
4004_01,1
4007_01,1
4011_01,1
4012_01,1
4012_02,0
4015_01,1
4015_02,1
4024_01,1
4025_01,1
4028_01,1
4029_01,1
4041_01,1
4048_01,1
4048_02,1
4048_03,1
4051_01,1
4052_01,1
4054_01,0
4054_02,0
4054_03,0
4056_01,1
4057_01,1
4059_01,0
4059_02,1
4062_01,1
4067_01,1
4070_01,0
4070_02,0
4070_03,1
4073_01,1
4073_02,1
4074_01,1
4077_01,1
4085_01,1
4086_01,1
4086_02,1
4086_03,1
4087_01,1
4088_01,1
4092_01,1
4094_01,0
4094_02,0
4100_01,1
4105_01,1
4111_01,1
4117_01,1
4118_01,1
4119_01,1
4121_01,0
4122_01,1
4123_01,1
4124_01,1
4126_01,1
4133_01,1
4133_02,1
4136_01,0
4136_02,1
4138_01,1
4139_01,1
4146_01,1
4148_01,1
4153_01,1
4155_01,0
4157_01,1
4161_01,1
4162_01,1
4164_01,0
4180_01,0
4180_02,1
4187_01,1
4190_01,0
4192_01,1
4193_01,1
4195_01,1
4198_01,0
4200_01,1
4201_01,1
4202_01,1
4202_02,1
4209_01,1
4217_01,1
4224_01,1
4224_02,1
4226_01,0
4226_02,1
4227_01,1
4228_01,1
4234_01,1
4234_02,1
4235_01,1
4235_02,1
4236_01,1
4236_02,1
4241_01,1
4247_01,1
4247_02,1
4248_01,1
4248_02,1
4250_01,1
4263_01,1
4263_02,1
4263_03,1
4265_01,0
4268_01,1
4268_02,1
4269_01,1
4275_01,1
4276_01,1
4277_01,1
4279_01,1
4281_01,1
4282_01,0
4283_01,1
4284_01,1
4284_02,1
4285_01,1
4286_01,1
4286_02,1
4286_03,1
4287_01,1
4288_01,1
4288_02,1
4290_01,1
4298_01,1
4298_02,1
4298_03,1
4299_01,1
4304_01,1
4307_01,1
4308_01,1
4310_01,1
4313_01,1
4314_01,0
4321_01,1
4322_01,1
4323_01,0
4323_02,1
4323_03,1
4323_04,0
4325_01,1
4326_01,1
4328_01,1
4331_01,1
4341_01,1
4341_02,1
4342_01,1
4353_01,1
4355_01,1
4363_01,1
4374_01,1
4375_01,1
4377_01,1
4377_02,1
4377_03,1
4378_01,1
4378_02,1
4379_01,1
4380_01,1
4381_01,1
4381_02,1
4384_01,1
4385_01,1
4385_02,1
4385_03,1
4389_01,1
4394_01,1
4398_01,1
4406_01,1
4412_01,1
4414_01,1
4417_01,1
4418_01,1
4419_01,1
4419_02,1
4420_01,1
4420_02,1
4421_01,1
4423_01,1
4425_01,0
4425_02,0
4434_01,1
4435_01,0
4435_02,0
4439_01,0
4439_02,1
4442_01,1
4443_01,1
4443_02,1
4454_01,0
4455_01,1
4455_02,1
4455_03,1
4458_01,1
4460_01,0
4468_01,1
4471_01,1
4478_01,1
4480_01,0
4481_01,1
4484_01,1
4488_01,1
4489_01,1
4495_01,0
4499_01,1
4503_01,1
4504_01,1
4507_01,1
4513_01,1
4519_01,1
4520_01,1
4523_01,1
4523_02,1
4523_03,1
4523_04,1
4523_05,1
4523_06,1
4525_01,1
4526_01,1
4527_01,1
4528_01,1
4536_01,1
4540_01,1
4541_01,1
4545_01,1
4548_01,0
4551_01,1
4551_02,1
4551_03,0
4551_04,0
4554_01,1
4556_01,0
4566_01,1
4578_01,1
4579_01,1
4582_01,1
4582_02,1
4582_03,1
4582_04,1
4582_05,1
4582_06,1
4582_07,1
4583_01,1
4583_02,1
4583_03,1
4584_01,1
4588_01,1
4589_01,0
4590_01,1
4598_01,1
4599_01,1
4600_01,1
4600_02,1
4601_01,1
4614_01,0
4614_02,1
4616_01,1
4618_01,1
4619_01,1
4626_01,0
4626_02,1
4627_01,1
4629_01,1
4636_01,1
4639_01,1
4639_02,1
4639_03,1
4639_04,1
4639_05,0
4639_06,1
4647_01,1
4660_01,1
4666_01,0
4669_01,0
4670_01,1
4671_01,1
4671_02,1
4671_03,1
4671_04,1
4674_01,1
4675_01,1
4675_02,1
4681_01,1
4682_01,1
4683_01,1
4683_02,1
4685_01,1
4687_01,1
4688_01,1
4692_01,1
4697_01,1
4698_01,1
4700_01,0
4701_01,0
4701_02,0
4701_03,0
4701_04,0
4702_01,1
4702_02,1
4703_01,0
4703_02,0
4705_01,1
4705_02,1
4707_01,1
4707_02,1
4715_01,0
4716_01,1
4718_01,0
4722_01,1
4724_01,0
4727_01,1
4727_02,1
4729_01,1
4731_01,1
4734_01,1
4735_01,1
4736_01,1
4737_01,1
4740_01,1
4742_01,1
4745_01,1
4747_01,0
4747_02,1
4749_01,1
4751_01,1
4760_01,1
4761_01,1
4761_02,1
4761_03,1
4765_01,1
4766_01,1
4767_01,1
4768_01,0
4768_02,0
4771_01,1
4776_01,1
4776_02,1
4776_03,1
4776_04,1
4779_01,1
4781_01,1
4789_01,1
4799_01,1
4799_02,1
4799_03,1
4800_01,1
4802_01,1
4802_02,1
4805_01,1
4806_01,1
4809_01,1
4811_01,1
4812_01,0
4816_01,1
4820_01,1
4820_02,1
4821_01,1
4824_01,0
4825_01,1
4826_01,1
4833_01,1
4833_02,1
4834_01,1
4835_01,1
4839_01,1
4843_01,1
4843_02,1
4844_01,1
4849_01,1
4852_01,1
4854_01,1
4855_01,1
4855_02,1
4858_01,0
4859_01,1
4860_01,1
4861_01,1
4865_01,1
4867_01,1
4869_01,1
4872_01,1
4877_01,1
4894_01,1
4905_01,1
4906_01,1
4907_01,1
4908_01,1
4914_01,1
4919_01,1
4921_01,1
4922_01,1
4926_01,1
4928_01,1
4931_01,1
4935_01,1
4935_02,1
4935_03,1
4936_01,1
4947_01,1
4948_01,0
4949_01,0
4949_02,1
4953_01,0
4955_01,1
4957_01,0
4959_01,1
4960_01,1
4962_01,1
4966_01,1
4966_02,0
4967_01,1
4968_01,1
4969_01,1
4969_02,1
4971_01,1
4976_01,1
4982_01,1
4984_01,1
4984_02,1
4985_01,1
4986_01,1
4988_01,0
4993_01,1
4994_01,1
5001_01,1
5002_01,1
5011_01,1
5022_01,1
5024_01,1
5024_02,1
5024_03,1
5024_04,1
5024_05,1
5026_01,1
5029_01,0
5029_02,0
5030_01,1
5031_01,1
5031_02,1
5033_01,0
5033_02,0
5037_01,1
5038_01,1
5038_02,1
5041_01,1
5043_01,1
5043_02,1
5043_03,1
5045_01,1
5046_01,1
5047_01,1
5049_01,1
5053_01,1
5054_01,1
5055_01,1
5056_01,1
5056_02,1
5066_01,1
5071_01,1
5075_01,1
5077_01,1
5078_01,1
5079_01,1
5081_01,1
5082_01,1
5086_01,1
5086_02,1
5092_01,1
5094_01,1
5094_02,1
5096_01,1
5096_02,1
5098_01,1
5098_02,1
5098_03,1
5099_01,1
5100_01,1
5101_01,1
5102_01,1
5107_01,1
5110_01,0
5113_01,1
5114_01,1
5117_01,1
5118_01,1
5119_01,1
5121_01,1
5123_01,1
5131_01,1
5131_02,0
5134_01,1
5135_01,1
5139_01,1
5141_01,1
5143_01,1
5147_01,1
5149_01,1
5149_02,0
5150_01,1
5153_01,1
5155_01,1
5159_01,1
5159_02,1
5164_01,0
5164_02,1
5168_01,1
5169_01,1
5172_01,1
5178_01,1
5183_01,1
5189_01,1
5191_01,0
5195_01,1
5200_01,1
5203_01,1
5203_02,0
5212_01,1
5215_01,1
5219_01,1
5219_02,1
5222_01,1
5228_01,1
5228_02,1
5231_01,1
5232_01,1
5232_02,1
5233_01,1
5237_01,1
5241_01,1
5241_02,1
5245_01,1
5259_01,1
5261_01,1
5263_01,1
5267_01,1
5267_02,1
5267_03,1
5270_01,0
5283_01,1
5284_01,1
5285_01,0
5286_01,1
5289_01,1
5293_01,1
5293_02,1
5294_01,1
5295_01,1
5296_01,1
5302_01,1
5306_01,1
5306_02,0
5308_01,1
5308_02,1
5308_03,1
5309_01,0
5311_01,1
5317_01,1
5317_02,1
5318_01,1
5318_02,1
5319_01,1
5321_01,1
5324_01,1
5328_01,1
5329_01,1
5329_02,1
5329_03,1
5329_04,1
5329_05,1
5329_06,1
5329_07,1
5332_01,1
5335_01,0
5335_02,0
5335_03,1
5335_04,1
5336_01,1
5338_01,1
5339_01,1
5339_02,1
5339_03,0
5342_01,1
5349_01,1
5352_01,1
5357_01,0
5357_02,0
5357_03,1
5357_04,1
5358_01,1
5364_01,1
5369_01,1
5369_02,1
5369_03,1
5370_01,1
5371_01,1
5371_02,1
5371_03,1
5371_04,1
5373_01,1
5376_01,0
5376_02,0
5377_01,0
5381_01,1
5382_01,0
5382_02,0
5386_01,1
5391_01,1
5393_01,1
5398_01,1
5399_01,1
5400_01,0
5403_01,1
5405_01,1
5407_01,1
5409_01,1
5417_01,1
5419_01,1
5426_01,1
5428_01,1
5428_02,1
5429_01,1
5432_01,1
5433_01,1
5439_01,1
5442_01,1
5444_01,1
5448_01,0
5449_01,1
5456_01,1
5460_01,1
5461_01,1
5464_01,1
5473_01,1
5473_02,1
5481_01,0
5482_01,1
5482_02,1
5486_01,1
5493_01,1
5495_01,1
5498_01,1
5498_02,1
5502_01,1
5503_01,1
5505_01,1
5505_02,1
5505_03,1
5513_01,1
5513_02,1
5513_03,1
5513_04,1
5516_01,1
5518_01,1
5519_01,1
5525_01,1
5532_01,1
5533_01,1
5534_01,1
5542_01,1
5547_01,1
5548_01,1
5549_01,0
5553_01,1
5553_02,1
5554_01,1
5558_01,1
5562_01,0
5562_02,0
5564_01,1
5565_01,1
5567_01,1
5570_01,1
5576_01,1
5577_01,1
5577_02,1
5577_03,1
5577_04,1
5577_05,1
5579_01,0
5584_01,1
5584_02,1
5588_01,1
5588_02,1
5588_03,1
5588_04,1
5588_05,1
5590_01,0
5593_01,1
5597_01,1
5600_01,1
5604_01,1
5605_01,1
5607_01,0
5612_01,1
5617_01,1
5620_01,1
5620_02,1
5621_01,1
5624_01,1
5630_01,1
5632_01,0
5633_01,1
5634_01,0
5635_01,1
5636_01,1
5638_01,1
5641_01,1
5649_01,1
5654_01,1
5656_01,1
5657_01,1
5658_01,1
5660_01,1
5664_01,1
5664_02,1
5664_03,1
5664_04,1
5665_01,1
5666_01,1
5668_01,0
5669_01,1
5670_01,1
5672_01,1
5675_01,1
5676_01,1
5678_01,1
5678_02,0
5682_01,1
5683_01,1
5690_01,1
5691_01,1
5694_01,0
5697_01,1
5699_01,1
5703_01,1
5708_01,1
5715_01,1
5715_02,1
5720_01,1
5720_02,1
5731_01,1
5731_02,1
5734_01,1
5734_02,1
5741_01,1
5743_01,1
5745_01,1
5749_01,1
5752_01,1
5753_01,1
5754_01,1
5759_01,1
5760_01,1
5762_01,1
5766_01,1
5770_01,1
5774_01,1
5775_01,1
5782_01,1
5782_02,1
5782_03,1
5782_04,1
5784_01,1
5787_01,1
5787_02,1
5787_03,1
5789_01,1
5789_02,1
5797_01,0
5798_01,1
5801_01,1
5803_01,1
5805_01,1
5807_01,1
5815_01,1
5815_02,1
5815_03,1
5815_04,1
5830_01,1
5832_01,1
5833_01,1
5838_01,1
5841_01,1
5841_02,1
5841_03,1
5845_01,1
5850_01,0
5851_01,1
5851_02,1
5853_01,1
5862_01,1
5864_01,1
5865_01,1
5866_01,1
5870_01,1
5872_01,1
5873_01,1
5873_02,1
5873_03,1
5881_01,0
5883_01,0
5884_01,1
5892_01,1
5893_01,1
5893_02,1
5895_01,1
5896_01,1
5899_01,1
5904_01,1
5904_02,0
5910_01,1
5911_01,1
5911_02,1
5911_03,1
5911_04,1
5911_05,1
5911_06,1
5914_01,1
5917_01,1
5918_01,1
5926_01,1
5929_01,1
5932_01,1
5935_01,1
5936_01,0
5936_02,0
5936_03,1
5936_04,1
5936_05,1
5937_01,1
5940_01,1
5942_01,0
5942_02,0
5943_01,0
5948_01,1
5958_01,1
5961_01,0
5961_02,0
5962_01,1
5964_01,0
5964_02,0
5966_01,1
5966_02,1
5978_01,1
5978_02,1
5979_01,0
5982_01,1
5996_01,1
5997_01,1
5997_02,1
6002_01,0
6005_01,1
6005_02,1
6005_03,1
6005_04,1
6005_05,1
6009_01,0
6009_02,0
6012_01,1
6013_01,1
6018_01,1
6021_01,1
6023_01,1
6037_01,1
6044_01,1
6044_02,1
6046_01,1
6050_01,1
6051_01,1
6051_02,1
6053_01,1
6056_01,1
6057_01,1
6060_01,1
6063_01,1
6072_01,1
6074_01,0
6074_02,0
6074_03,1
6078_01,1
6079_01,1
6081_01,1
6081_02,1
6081_03,1
6081_04,1
6083_01,1
6084_01,1
6088_01,1
6089_01,1
6093_01,1
6097_01,1
6100_01,1
6104_01,1
6113_01,1
6114_01,1
6119_01,1
6119_02,1
6119_03,1
6125_01,1
6129_01,1
6131_01,1
6134_01,1
6140_01,1
6142_01,1
6142_02,0
6144_01,1
6147_01,1
6151_01,1
6151_02,0
6154_01,1
6159_01,1
6160_01,1
6160_02,1
6161_01,1
6164_01,1
6165_01,1
6177_01,1
6183_01,1
6185_01,1
6187_01,1
6188_01,1
6190_01,1
6193_01,1
6193_02,1
6193_03,1
6193_04,1
6195_01,1
6196_01,0
6197_01,1
6198_01,1
6202_01,1
6203_01,1
6204_01,1
6209_01,1
6209_02,0
6210_01,0
6212_01,1
6214_01,1
6217_01,0
6217_02,1
6221_01,1
6226_01,1
6231_01,1
6231_02,1
6231_03,1
6233_01,1
6233_02,1
6233_03,1
6235_01,0
6240_01,1
6242_01,0
6244_01,1
6244_02,0
6247_01,1
6255_01,0
6257_01,1
6257_02,1
6257_03,1
6258_01,1
6259_01,1
6260_01,1
6260_02,1
6261_01,0
6261_02,0
6267_01,1
6267_02,1
6267_03,0
6267_04,0
6267_05,0
6267_06,0
6269_01,1
6269_02,1
6269_03,0
6272_01,1
6272_02,1
6275_01,1
6278_01,1
6278_02,1
6284_01,1
6286_01,1
6286_02,1
6287_01,1
6287_02,1
6288_01,0
6288_02,1
6288_03,0
6288_04,1
6291_01,1
6294_01,1
6295_01,0
6295_02,1
6298_01,1
6303_01,1
6306_01,1
6307_01,1
6310_01,1
6311_01,1
6312_01,1
6312_02,1
6314_01,1
6329_01,1
6332_01,1
6332_02,1
6332_03,1
6332_04,1
6332_05,1
6332_06,1
6332_07,1
6332_08,1
6333_01,1
6336_01,1
6337_01,1
6342_01,1
6342_02,1
6345_01,1
6345_02,1
6350_01,1
6352_01,0
6352_02,1
6358_01,1
6358_02,1
6359_01,1
6362_01,1
6364_01,1
6375_01,1
6377_01,1
6379_01,1
6382_01,1
6383_01,1
6383_02,1
6383_03,1
6384_01,1
6386_01,1
6387_01,1
6389_01,1
6391_01,0
6391_02,1
6392_01,1
6393_01,0
6395_01,1
6401_01,1
6401_02,1
6403_01,1
6410_01,1
6410_02,1
6417_01,0
6420_01,1
6423_01,1
6425_01,1
6425_02,0
6426_01,1
6427_01,1
6429_01,1
6435_01,1
6438_01,1
6440_01,1
6441_01,1
6445_01,1
6460_01,0
6465_01,1
6466_01,1
6467_01,1
6469_01,1
6474_01,1
6476_01,1
6479_01,0
6479_02,1
6483_01,1
6484_01,1
6486_01,0
6491_01,1
6491_02,1
6491_03,1
6495_01,1
6496_01,1
6496_02,1
6497_01,1
6498_01,1
6499_01,1
6499_02,1
6499_03,1
6499_04,1
6499_05,1
6499_06,1
6499_07,1
6499_08,1
6504_01,0
6504_02,1
6505_01,1
6506_01,1
6506_02,1
6507_01,1
6515_01,1
6516_01,0
6516_02,0
6518_01,1
6519_01,1
6521_01,0
6524_01,1
6527_01,1
6528_01,1
6532_01,1
6533_01,1
6533_02,1
6534_01,1
6536_01,1
6537_01,1
6538_01,1
6542_01,1
6543_01,1
6550_01,1
6551_01,1
6554_01,0
6555_01,1
6559_01,1
6559_02,1
6559_03,1
6564_01,1
6564_02,0
6566_01,1
6571_01,1
6575_01,0
6576_01,1
6577_01,1
6577_02,1
6577_03,1
6579_01,1
6581_01,1
6584_01,1
6586_01,1
6587_01,1
6589_01,1
6596_01,0
6596_02,1
6597_01,1
6600_01,1
6600_02,1
6605_01,1
6605_02,1
6607_01,1
6610_01,1
6612_01,1
6612_02,1
6612_03,1
6612_04,1
6612_05,1
6612_06,1
6615_01,1
6617_01,0
6617_02,0
6617_03,0
6619_01,1
6627_01,1
6629_01,1
6632_01,1
6636_01,1
6640_01,0
6644_01,1
6648_01,1
6651_01,1
6653_01,1
6657_01,1
6658_01,1
6658_02,1
6658_03,1
6661_01,1
6666_01,1
6677_01,1
6678_01,1
6678_02,0
6679_01,1
6682_01,1
6682_02,1
6685_01,1
6686_01,1
6687_01,0
6688_01,0
6689_01,1
6689_02,1
6690_01,1
6695_01,1
6696_01,1
6700_01,1
6700_02,1
6701_01,0
6703_01,1
6704_01,1
6705_01,1
6710_01,1
6712_01,1
6714_01,1
6715_01,1
6716_01,1
6717_01,0
6723_01,1
6728_01,0
6732_01,1
6733_01,1
6735_01,1
6737_01,1
6738_01,1
6738_02,0
6740_01,1
6743_01,1
6752_01,1
6752_02,1
6752_03,1
6755_01,1
6759_01,1
6767_01,1
6767_02,1
6768_01,1
6769_01,1
6770_01,0
6770_02,0
6770_03,0
6771_01,1
6772_01,1
6772_02,1
6777_01,0
6781_01,0
6783_01,1
6785_01,1
6790_01,1
6791_01,1
6793_01,1
6793_02,0
6795_01,1
6797_01,1
6803_01,1
6804_01,1
6807_01,1
6807_02,1
6809_01,1
6811_01,1
6812_01,1
6812_02,1
6815_01,1
6819_01,1
6819_02,1
6819_03,1
6823_01,1
6828_01,1
6830_01,1
6835_01,0
6835_02,1
6836_01,1
6838_01,1
6838_02,1
6838_03,1
6842_01,1
6845_01,0
6846_01,1
6847_01,1
6849_01,0
6852_01,1
6852_02,1
6855_01,1
6856_01,1
6860_01,1
6867_01,1
6870_01,0
6872_01,1
6874_01,1
6875_01,1
6875_02,1
6875_03,1
6876_01,1
6876_02,1
6876_03,1
6877_01,1
6878_01,1
6881_01,1
6884_01,1
6886_01,1
6888_01,1
6888_02,0
6888_03,1
6888_04,1
6890_01,1
6897_01,1
6904_01,1
6904_02,1
6904_03,1
6909_01,0
6914_01,1
6916_01,0
6919_01,0
6922_01,1
6923_01,1
6927_01,1
6933_01,1
6933_02,1
6935_01,1
6936_01,1
6936_02,1
6936_03,1
6938_01,1
6941_01,1
6942_01,1
6948_01,1
6952_01,0
6953_01,1
6955_01,1
6956_01,1
6958_01,1
6959_01,1
6959_02,1
6959_03,1
6961_01,1
6961_02,1
6965_01,1
6969_01,1
6974_01,1
6975_01,1
6983_01,1
6983_02,1
6986_01,1
6986_02,1
6986_03,1
6986_04,1
6986_05,1
6986_06,1
6986_07,1
6986_08,1
6989_01,0
6993_01,1
7000_01,1
7003_01,1
7009_01,1
7009_02,1
7012_01,1
7023_01,1
7024_01,0
7030_01,1
7033_01,1
7035_01,1
7043_01,1
7046_01,1
7046_02,1
7046_03,1
7054_01,1
7054_02,0
7055_01,1
7063_01,1
7063_02,1
7064_01,1
7065_01,0
7066_01,1
7066_02,1
7067_01,1
7067_02,1
7067_03,1
7070_01,1
7075_01,1
7076_01,1
7081_01,1
7081_02,0
7100_01,1
7100_02,1
7101_01,1
7101_02,1
7102_01,1
7103_01,1
7103_02,1
7107_01,1
7108_01,1
7112_01,1
7115_01,1
7122_01,1
7123_01,1
7124_01,1
7124_02,1
7124_03,1
7125_01,0
7129_01,1
7130_01,1
7130_02,1
7130_03,1
7130_04,1
7130_05,1
7130_06,1
7130_07,1
7131_01,1
7135_01,1
7135_02,1
7135_03,1
7135_04,1
7136_01,1
7138_01,1
7139_01,1
7141_01,1
7145_01,1
7146_01,1
7147_01,0
7150_01,1
7150_02,1
7153_01,1
7154_01,1
7158_01,1
7163_01,1
7163_02,1
7163_03,1
7164_01,1
7169_01,1
7172_01,1
7172_02,1
7174_01,1
7178_01,1
7183_01,0
7185_01,0
7195_01,1
7196_01,1
7198_01,1
7201_01,1
7204_01,1
7209_01,1
7209_02,1
7211_01,1
7212_01,1
7213_01,1
7220_01,1
7222_01,1
7223_01,1
7228_01,1
7231_01,1
7237_01,1
7239_01,1
7241_01,0
7241_02,1
7243_01,1
7243_02,1
7243_03,1
7243_04,1
7243_05,1
7244_01,0
7245_01,1
7248_01,1
7248_02,1
7251_01,1
7254_01,1
7262_01,1
7263_01,1
7264_01,1
7265_01,1
7266_01,1
7266_02,1
7266_03,1
7269_01,1
7269_02,1
7272_01,1
7275_01,1
7281_01,1
7282_01,1
7286_01,1
7287_01,0
7288_01,1
7291_01,1
7293_01,1
7294_01,1
7295_01,1
7295_02,1
7299_01,1
7308_01,0
7312_01,1
7315_01,1
7316_01,1
7317_01,1
7318_01,1
7319_01,1
7319_02,1
7319_03,1
7325_01,1
7329_01,1
7329_02,1
7329_03,1
7333_01,1
7335_01,1
7345_01,1
7348_01,1
7348_02,1
7348_03,1
7349_01,1
7352_01,1
7354_01,1
7354_02,1
7354_03,0
7354_04,0
7354_05,0
7354_06,1
7355_01,1
7357_01,1
7362_01,1
7363_01,1
7364_01,1
7368_01,0
7369_01,1
7373_01,0
7373_02,0
7375_01,1
7378_01,1
7380_01,0
7380_02,0
7380_03,1
7380_04,0
7381_01,1
7382_01,0
7383_01,1
7383_02,1
7384_01,1
7386_01,1
7389_01,1
7397_01,1
7400_01,1
7404_01,0
7407_01,1
7409_01,1
7409_02,1
7412_01,0
7413_01,1
7413_02,1
7414_01,1
7415_01,1
7417_01,1
7417_02,1
7420_01,1
7421_01,1
7421_02,1
7423_01,1
7423_02,1
7424_01,1
7426_01,0
7426_02,0
7426_03,1
7433_01,1
7434_01,1
7439_01,1
7439_02,0
7440_01,1
7441_01,0
7443_01,1
7451_01,1
7454_01,1
7463_01,1
7465_01,1
7466_01,1
7467_01,1
7468_01,1
7469_01,1
7470_01,1
7471_01,1
7471_02,1
7473_01,1
7473_02,1
7474_01,1
7476_01,1
7480_01,1
7482_01,1
7482_02,1
7489_01,1
7489_02,1
7489_03,1
7491_01,1
7493_01,1
7497_01,0
7511_01,1
7516_01,1
7519_01,1
7526_01,0
7528_01,1
7528_02,1
7528_03,1
7528_04,1
7530_01,0
7530_02,1
7530_03,1
7530_04,1
7532_01,1
7537_01,1
7539_01,1
7539_02,1
7540_01,1
7541_01,1
7541_02,1
7541_03,0
7546_01,0
7547_01,1
7548_01,1
7551_01,1
7554_01,1
7555_01,1
7556_01,0
7556_02,1
7556_03,1
7556_04,0
7557_01,1
7557_02,1
7557_03,1
7558_01,1
7558_02,1
7562_01,1
7564_01,1
7566_01,0
7570_01,1
7570_02,1
7571_01,0
7575_01,1
7581_01,1
7582_01,1
7582_02,1
7582_03,1
7582_04,1
7582_05,1
7587_01,1
7589_01,1
7590_01,1
7591_01,1
7591_02,1
7593_01,0
7597_01,1
7597_02,1
7597_03,1
7597_04,1
7597_05,1
7597_06,1
7597_07,1
7600_01,0
7600_02,1
7602_01,0
7603_01,1
7607_01,1
7610_01,1
7610_02,1
7611_01,1
7611_02,1
7612_01,1
7612_02,1
7613_01,0
7615_01,1
7617_01,1
7619_01,1
7629_01,1
7629_02,1
7629_03,1
7636_01,1
7637_01,1
7637_02,1
7637_03,1
7638_01,1
7642_01,1
7645_01,0
7648_01,1
7651_01,1
7653_01,1
7654_01,0
7655_01,1
7657_01,1
7658_01,1
7659_01,1
7662_01,1
7663_01,1
7664_01,1
7668_01,1
7672_01,1
7673_01,1
7674_01,1
7675_01,1
7681_01,0
7685_01,1
7686_01,1
7695_01,1
7701_01,1
7704_01,1
7706_01,1
7718_01,0
7722_01,1
7725_01,1
7726_01,1
7730_01,1
7732_01,1
7733_01,1
7734_01,1
7735_01,1
7737_01,1
7740_01,1
7740_02,1
7745_01,1
7750_01,1
7756_01,1
7758_01,1
7759_01,1
7762_01,1
7765_01,1
7765_02,1
7765_03,1
7766_01,1
7772_01,1
7779_01,1
7781_01,1
7792_01,0
7792_02,0
7792_03,1
7792_04,0
7792_05,1
7794_01,1
7795_01,1
7795_02,1
7796_01,1
7798_01,1
7798_02,1
7799_01,1
7804_01,1
7807_01,1
7811_01,0
7814_01,1
7817_01,1
7819_01,1
7822_01,1
7823_01,1
7825_01,1
7825_02,1
7825_03,1
7826_01,0
7827_01,0
7836_01,1
7838_01,0
7844_01,1
7846_01,1
7846_02,0
7854_01,1
7855_01,1
7857_01,1
7860_01,1
7862_01,1
7867_01,1
7869_01,1
7874_01,1
7874_02,1
7876_01,1
7880_01,1
7880_02,1
7887_01,1
7893_01,0
7893_02,0
7893_03,0
7893_04,0
7893_05,0
7896_01,1
7898_01,1
7900_01,1
7906_01,1
7909_01,1
7909_02,1
7911_01,1
7912_01,1
7915_01,0
7915_02,1
7915_03,0
7917_01,1
7921_01,1
7921_02,1
7923_01,1
7925_01,1
7927_01,1
7927_02,1
7927_03,1
7928_01,1
7931_01,1
7932_01,1
7933_01,1
7934_01,1
7934_02,1
7934_03,1
7938_01,1
7942_01,1
7942_02,1
7948_01,1
7951_01,0
7953_01,1
7956_01,1
7959_01,1
7961_01,1
7963_01,1
7963_02,1
7963_03,1
7964_01,1
7965_01,1
7966_01,1
7969_01,1
7971_01,0
7971_02,1
7975_01,1
7977_01,1
7978_01,1
7978_02,1
7979_01,1
7980_01,1
7991_01,1
7991_02,1
7991_03,0
7991_04,0
7992_01,1
7997_01,1
7998_01,1
7998_02,0
7998_03,0
7998_04,0
8001_01,0
8002_01,1
8008_01,1
8009_01,1
8011_01,0
8013_01,1
8017_01,1
8022_01,1
8028_01,1
8033_01,1
8039_01,1
8039_02,0
8040_01,0
8041_01,1
8041_02,0
8044_01,0
8045_01,1
8047_01,0
8048_01,0
8051_01,1
8051_02,1
8061_01,1
8061_02,1
8062_01,1
8065_01,1
8070_01,0
8073_01,1
8074_01,1
8080_01,0
8090_01,1
8093_01,1
8095_01,1
8096_01,1
8099_01,1
8100_01,1
8101_01,1
8104_01,1
8109_01,1
8110_01,1
8111_01,1
8113_01,1
8113_02,1
8113_03,1
8113_04,1
8114_01,1
8125_01,0
8125_02,1
8126_01,1
8127_01,1
8132_01,1
8134_01,0
8142_01,0
8145_01,1
8146_01,1
8151_01,1
8154_01,1
8155_01,1
8160_01,1
8163_01,0
8166_01,1
8169_01,1
8170_01,0
8172_01,1
8174_01,1
8179_01,0
8180_01,1
8181_01,0
8181_02,1
8181_03,1
8183_01,1
8184_01,1
8185_01,1
8187_01,1
8188_01,1
8193_01,1
8195_01,1
8196_01,1
8196_02,1
8198_01,1
8201_01,0
8206_01,1
8215_01,1
8223_01,1
8228_01,1
8230_01,1
8234_01,1
8236_01,0
8240_01,0
8241_01,0
8245_01,1
8245_02,1
8246_01,0
8249_01,1
8250_01,1
8253_01,1
8256_01,1
8258_01,1
8262_01,0
8263_01,1
8269_01,1
8274_01,1
8278_01,1
8283_01,0
8284_01,1
8284_02,1
8285_01,1
8286_01,0
8290_01,0
8293_01,1
8296_01,1
8299_01,1
8304_01,1
8304_02,1
8304_03,1
8305_01,0
8305_02,0
8305_03,0
8308_01,1
8309_01,1
8311_01,1
8312_01,1
8325_01,1
8325_02,1
8327_01,1
8331_01,1
8337_01,1
8340_01,1
8340_02,1
8340_03,1
8347_01,1
8349_01,1
8350_01,1
8351_01,0
8352_01,1
8353_01,1
8355_01,0
8357_01,1
8357_02,0
8358_01,1
8359_01,1
8361_01,1
8361_02,1
8361_03,1
8361_04,0
8361_05,0
8364_01,1
8367_01,1
8370_01,0
8370_02,0
8372_01,0
8385_01,1
8385_02,1
8385_03,1
8387_01,1
8389_01,1
8391_01,1
8396_01,1
8399_01,1
8400_01,1
8400_02,1
8400_03,1
8402_01,0
8402_02,0
8402_03,0
8408_01,1
8408_02,1
8412_01,1
8413_01,1
8415_01,1
8417_01,1
8422_01,1
8424_01,1
8425_01,1
8425_02,1
8426_01,1
8426_02,1
8428_01,1
8434_01,0
8435_01,1
8436_01,1
8439_01,1
8440_01,1
8440_02,1
8440_03,1
8443_01,1
8443_02,1
8445_01,1
8445_02,1
8445_03,1
8446_01,1
8450_01,1
8450_02,1
8450_03,1
8453_01,1
8455_01,1
8461_01,1
8464_01,1
8464_02,1
8473_01,1
8473_02,1
8478_01,1
8478_02,1
8484_01,1
8485_01,1
8488_01,1
8490_01,1
8496_01,1
8497_01,1
8498_01,1
8499_01,1
8501_01,1
8505_01,1
8507_01,1
8510_01,0
8510_02,1
8513_01,1
8515_01,1
8517_01,1
8517_02,1
8518_01,1
8519_01,1
8520_01,1
8520_02,1
8525_01,1
8525_02,0
8526_01,0
8526_02,1
8527_01,1
8529_01,1
8531_01,1
8532_01,1
8533_01,1
8534_01,1
8534_02,1
8534_03,1
8534_04,1
8538_01,1
8543_01,1
8543_02,1
8543_03,1
8543_04,1
8543_05,1
8543_06,1
8543_07,1
8543_08,1
8546_01,1
8547_01,1
8550_01,1
8553_01,1
8555_01,1
8555_02,1
8555_03,1
8558_01,1
8562_01,1
8563_01,1
8564_01,1
8565_01,1
8565_02,1
8565_03,1
8567_01,1
8567_02,1
8567_03,1
8568_01,0
8568_02,0
8575_01,1
8576_01,0
8578_01,1
8579_01,0
8582_01,1
8583_01,1
8583_02,1
8590_01,1
8591_01,1
8593_01,1
8600_01,1
8601_01,1
8608_01,1
8621_01,1
8622_01,1
8625_01,1
8627_01,1
8630_01,1
8632_01,1
8632_02,1
8647_01,1
8648_01,1
8648_02,1
8648_03,1
8649_01,1
8651_01,1
8652_01,1
8655_01,1
8660_01,1
8662_01,1
8665_01,1
8666_01,1
8676_01,1
8677_01,0
8677_02,1
8677_03,1
8678_01,1
8678_02,1
8679_01,1
8682_01,0
8686_01,1
8689_01,1
8690_01,1
8690_02,0
8692_01,1
8692_02,1
8692_03,1
8697_01,1
8698_01,1
8699_01,1
8702_01,1
8705_01,1
8706_01,1
8707_01,1
8711_01,1
8713_01,1
8713_02,0
8715_01,1
8718_01,1
8724_01,1
8725_01,1
8726_01,1
8730_01,1
8731_01,1
8737_01,1
8738_01,1
8739_01,1
8740_01,1
8742_01,1
8745_01,1
8746_01,1
8747_01,1
8747_02,1
8748_01,1
8748_02,1
8756_01,1
8758_01,1
8758_02,1
8761_01,1
8763_01,1
8763_02,1
8763_03,1
8765_01,1
8767_01,1
8767_02,1
8768_01,1
8768_02,1
8768_03,1
8775_01,1
8777_01,1
8778_01,1
8778_02,1
8784_01,1
8788_01,1
8792_01,1
8793_01,1
8793_02,0
8793_03,0
8793_04,1
8793_05,0
8795_01,1
8800_01,1
8800_02,1
8800_03,1
8800_04,1
8800_05,1
8803_01,1
8804_01,1
8804_02,1
8804_03,1
8804_04,1
8804_05,1
8810_01,1
8814_01,1
8829_01,1
8832_01,1
8837_01,1
8839_01,1
8839_02,1
8846_01,1
8846_02,1
8847_01,1
8851_01,1
8855_01,1
8857_01,1
8859_01,0
8866_01,1
8870_01,1
8870_02,1
8873_01,1
8873_02,1
8873_03,0
8875_01,1
8875_02,1
8875_03,0
8877_01,0
8877_02,0
8879_01,1
8882_01,1
8887_01,0
8888_01,1
8893_01,1
8893_02,1
8895_01,0
8895_02,1
8898_01,1
8908_01,1
8909_01,1
8911_01,1
8912_01,1
8913_01,1
8913_02,1
8913_03,1
8914_01,1
8915_01,1
8916_01,1
8917_01,1
8921_01,1
8924_01,0
8925_01,1
8925_02,1
8925_03,1
8925_04,1
8925_05,1
8925_06,1
8927_01,1
8929_01,1
8931_01,1
8933_01,1
8934_01,1
8935_01,1
8936_01,1
8943_01,1
8946_01,0
8949_01,1
8950_01,1
8951_01,1
8952_01,1
8953_01,1
8957_01,1
8958_01,1
8960_01,1
8960_02,1
8960_03,1
8962_01,1
8963_01,0
8965_01,0
8971_01,1
8974_01,0
8979_01,1
8980_01,0
8980_02,0
8980_03,0
8980_04,0
8980_05,0
8980_06,0
8980_07,0
8984_01,1
8990_01,1
8991_01,1
8994_01,1
8994_02,1
8995_01,1
9000_01,1
9002_01,1
9005_01,1
9016_01,1
9016_02,1
9016_03,1
9016_04,1
9016_05,1
9017_01,1
9022_01,1
9022_02,1
9022_03,1
9025_01,1
9025_02,1
9027_01,1
9033_01,1
9039_01,1
9040_01,1
9044_01,1
9045_01,1
9045_02,1
9047_01,1
9050_01,1
9051_01,1
9053_01,1
9053_02,1
9054_01,1
9055_01,1
9056_01,1
9058_01,1
9062_01,1
9062_02,1
9063_01,0
9065_01,1
9067_01,1
9067_02,1
9070_01,1
9070_02,1
9082_01,1
9083_01,1
9083_02,0
9086_01,1
9086_02,1
9087_01,1
9088_01,1
9090_01,1
9091_01,1
9092_01,1
9093_01,1
9095_01,1
9096_01,1
9096_02,1
9100_01,1
9102_01,0
9105_01,1
9109_01,1
9113_01,1
9117_01,1
9121_01,1
9123_01,0
9133_01,1
9135_01,1
9138_01,1
9143_01,1
9143_02,1
9143_03,1
9146_01,1
9146_02,1
9146_03,1
9147_01,1
9153_01,1
9154_01,1
9155_01,1
9155_02,1
9155_03,0
9155_04,0
9162_01,0
9162_02,1
9162_03,1
9166_01,0
9171_01,1
9177_01,0
9177_02,0
9182_01,1
9187_01,1
9187_02,1
9191_01,1
9198_01,0
9200_01,1
9204_01,1
9206_01,1
9206_02,1
9206_03,1
9207_01,1
9209_01,1
9210_01,1
9212_01,1
9212_02,1
9214_01,1
9215_01,0
9216_01,1
9223_01,0
9223_02,1
9228_01,1
9229_01,1
9232_01,1
9236_01,1
9238_01,1
9238_02,1
9238_03,1
9238_04,1
9238_05,1
9238_06,1
9238_07,1
9240_01,1
9243_01,1
9245_01,1
9249_01,1
9255_01,1
9258_01,1
9260_01,1
9262_01,1
9263_01,1
9265_01,1
9266_01,1
9266_02,1
9269_01,1
9271_01,0
9273_01,1
9277_01,1
